{
    "LEVERAGE": 0.0,
    "PROFIT_MARGIN": 0.3366424381282338,
    "LIQUIDITY_RATIO": 0.41475657024555057,
    "HIGH_YIELD_OAS": -0.5598894273288736,
    "IG_OAS": 12.828598131994452,
    "TED_SPREAD": -11.084600657018976,
    "VIX": -0.2083088331364258,
    "FED_FUNDS": -0.9511806626382243
}