{
    "LEVERAGE": 0.0,
    "PROFIT_MARGIN": 0.3366395967334899,
    "LIQUIDITY_RATIO": 0.41475124011568226,
    "HIGH_YIELD_OAS": -0.5598898451978436,
    "IG_OAS": 12.828624628642626,
    "TED_SPREAD": -11.084552002034565,
    "VIX": -0.2083089612718415,
    "FED_FUNDS": -0.9511823940650564
}