{
    "LEVERAGE": 0.0,
    "PROFIT_MARGIN": 0.34061108457923556,
    "LIQUIDITY_RATIO": 0.7542999538354207,
    "HIGH_YIELD_OAS": -0.5699976932084131,
    "IG_OAS": 12.814223239257128,
    "TED_SPREAD": -11.047858163272968,
    "VIX": -0.20539328297368734,
    "FED_FUNDS": -0.9431394784950299
}