{
    "LEVERAGE": 0.0,
    "PROFIT_MARGIN": 0.34061168891031013,
    "LIQUIDITY_RATIO": 0.7542962192792798,
    "HIGH_YIELD_OAS": -0.5699977064837495,
    "IG_OAS": 12.814223317606169,
    "TED_SPREAD": -11.047858183016912,
    "VIX": -0.20539328186196312,
    "FED_FUNDS": -0.943139472469942
}