{
    "Logistic_Regression": {
        "AUC": 0.9359947641558288,
        "KS_Statistic": 0.7505141521298475,
        "True_Positives": 262,
        "True_Negatives": 5835,
        "False_Positives": 1097,
        "False_Negatives": 50
    },
    "XGBoost": {
        "AUC": 0.9995635255300576,
        "KS_Statistic": 0.9972590882862089,
        "True_Positives": 312,
        "True_Negatives": 6896,
        "False_Positives": 36,
        "False_Negatives": 0
    }
}